draw_date,sorteo,n1,n2,n3,n4,n5,balota
2026-10-07,2719,5,17,19,27,39,8
2026-10-05,2718,13,14,16,25,28,8
2026-10-03,2717,3,10,14,26,31,10
2026-09-30,2716,11,18,22,30,32,10
2026-09-28,2715,12,13,15,25,29,10
2026-09-26,2714,11,15,16,20,36,12
2026-09-23,2713,4,9,14,15,16,12
2026-09-21,2712,4,15,17,22,23,10
2026-09-19,2711,11,13,17,19,39,4
2026-09-16,2710,4,17,18,20,26,5
2026-09-14,2709,3,5,10,20,31,8
2026-09-12,2708,7,29,31,32,38,13
2026-09-09,2707,4,8,12,30,39,13
2026-09-07,2706,3,5,13,17,28,1
2026-09-05,2705,11,12,17,28,31,15
2026-09-02,2704,4,8,9,39,41,14
2026-08-31,2703,1,18,25,31,43,8
2026-08-29,2702,5,16,22,36,43,14
2026-08-26,2701,20,30,33,35,41,5
2026-08-24,2700,10,13,18,27,39,13
2026-08-22,2699,10,12,16,35,36,11
2026-08-19,2698,10,13,15,23,39,12
2026-08-17,2697,3,5,20,27,41,12
2026-08-15,2696,2,10,15,23,30,2
2026-08-12,2695,11,13,15,16,42,8
2026-08-10,2694,4,14,19,27,35,14
2026-08-08,2693,5,7,9,32,33,15
2026-08-05,2692,8,11,22,30,31,2
2026-08-03,2691,32,33,35,37,42,7
2026-08-01,2690,1,7,8,14,24,5
2026-07-29,2689,24,25,38,40,43,7
2026-07-27,2688,10,11,20,36,41,14
2026-07-25,2687,6,8,21,35,42,9
2026-07-22,2686,3,6,19,30,33,9
2026-07-20,2685,3,22,23,25,37,1
2026-07-18,2684,8,17,19,24,26,9
2026-07-15,2683,2,4,8,12,24,4
2026-07-13,2682,8,11,21,32,38,8
2026-07-11,2681,3,22,28,32,34,14
2026-07-08,2680,11,15,20,24,30,2
2026-07-06,2679,2,12,16,27,28,12
2026-07-04,2678,9,14,40,42,43,9
2026-07-01,2677,3,12,13,17,37,14
2026-06-29,2676,10,15,22,24,30,10
2026-06-27,2675,15,23,29,33,41,16
2026-06-24,2674,12,14,30,36,43,14
2026-06-22,2673,8,12,16,28,33,14
2026-06-20,2672,31,34,37,38,43,14
2026-06-17,2671,16,20,34,37,39,13
2026-06-15,2670,4,13,16,22,31,11
2026-06-13,2669,13,18,26,28,29,10
2026-06-10,2668,3,5,17,18,27,7
2026-06-08,2667,6,8,9,32,40,13
2026-06-06,2666,5,15,19,28,32,1
2026-06-03,2665,26,29,35,38,41,11
2026-06-01,2664,4,22,30,31,39,1
2026-05-30,2663,2,8,11,25,26,15
2026-05-27,2662,7,14,20,23,40,10
2026-05-25,2661,12,14,37,38,39,16
2026-05-23,2660,23,27,29,30,38,8
2026-05-20,2659,1,28,32,33,35,13
2026-05-18,2658,3,4,9,14,35,10
2026-05-16,2657,7,21,25,40,43,11
2026-05-13,2656,4,19,31,38,39,4
2026-05-11,2655,1,12,13,34,35,15
2026-05-09,2654,1,8,17,19,40,10
2026-05-06,2653,3,5,13,15,25,9
2026-05-04,2652,5,14,25,35,36,15
2026-05-02,2651,6,13,14,28,36,5
2026-04-29,2650,4,16,25,27,37,3
2026-04-27,2649,6,11,14,20,22,5
2026-04-25,2648,1,3,6,8,35,1
2026-04-22,2647,5,12,30,36,40,9
2026-04-20,2646,13,33,38,40,41,8
2026-04-18,2645,9,16,29,32,33,10
2026-04-15,2644,7,11,16,27,28,14
2026-04-13,2643,4,11,12,21,26,6
2026-04-11,2642,10,24,32,33,43,13
2026-04-08,2641,16,17,26,38,41,5
2026-04-06,2640,9,11,15,16,29,5
2026-04-04,2639,4,13,19,31,40,9
2026-04-01,2638,9,22,28,30,35,3
2026-03-30,2637,4,17,20,21,29,1
2026-03-28,2636,7,16,25,41,42,8
2026-03-25,2635,3,9,13,14,19,16
2026-03-23,2634,25,33,37,39,41,11
2026-03-21,2633,7,10,21,32,33,2
2026-03-18,2632,18,20,21,29,35,11
2026-03-16,2631,5,11,15,24,35,3
2026-03-14,2630,2,7,23,31,36,16
2026-03-11,2629,17,23,30,38,40,7
2026-03-09,2628,5,7,8,25,29,14
2026-03-07,2627,3,11,30,38,41,4
2026-03-04,2626,21,26,32,34,40,12
2026-03-02,2625,1,7,15,39,43,5
2026-02-28,2624,7,11,15,19,41,9
2026-02-25,2623,2,6,11,28,31,14
2026-02-23,2622,16,18,20,23,41,10
2026-02-21,2621,7,12,22,25,40,10
2026-02-18,2620,11,27,38,40,42,2
2026-02-16,2619,9,18,21,22,42,14
2026-02-14,2618,15,21,29,34,35,6
2026-02-11,2617,9,14,30,36,42,6
2026-02-09,2616,11,17,20,36,38,14
2026-02-07,2615,9,12,26,27,31,3
2026-02-04,2614,16,25,29,36,38,15
2026-02-02,2613,8,13,18,30,41,12
2026-01-31,2612,6,9,11,16,26,9
2026-01-28,2611,9,15,18,26,40,13
2026-01-26,2610,20,26,31,38,42,2
2026-01-24,2609,7,11,21,29,32,16
2026-01-21,2608,7,14,21,23,38,1
2026-01-19,2607,4,6,20,28,42,11
2026-01-17,2606,3,7,15,18,42,15
2026-01-14,2605,7,17,32,37,40,10
2026-01-12,2604,1,7,11,19,42,10
2026-01-10,2603,6,8,36,39,41,12
2026-01-07,2602,5,9,28,32,35,7
2026-01-05,2601,9,13,28,31,35,2
2026-01-03,2600,9,15,24,38,42,5
2025-12-31,2599,22,24,27,37,40,8
2025-12-29,2598,8,17,21,36,39,15
2025-12-27,2597,5,17,18,32,41,6
2025-12-24,2596,8,9,15,23,35,15
2025-12-22,2595,4,17,19,32,42,15
2025-12-20,2594,4,5,10,17,40,10
2025-12-17,2593,4,9,18,29,31,5
2025-12-15,2592,10,29,36,38,40,7
2025-12-13,2591,2,13,14,15,28,2
2025-12-10,2590,3,12,13,26,37,9
2025-12-08,2589,2,21,22,24,37,10
2025-12-06,2588,12,32,36,42,43,13
2025-12-03,2587,11,15,16,19,40,9
2025-12-01,2586,11,24,25,26,43,7
2025-11-29,2585,4,17,28,32,43,6
2025-11-26,2584,4,14,25,28,41,13
2025-11-24,2583,8,9,10,30,37,2
2025-11-22,2582,16,22,25,32,38,9
2025-11-19,2581,2,6,26,28,39,11
2025-11-17,2580,14,18,20,35,41,10
2025-11-15,2579,4,8,10,17,41,6
2025-11-12,2578,1,18,21,22,24,14
2025-11-10,2577,17,22,24,26,27,13
2025-11-08,2576,1,6,18,21,24,12
2025-11-05,2575,9,14,29,35,40,3
2025-11-03,2574,5,9,26,28,32,3
2025-11-01,2573,1,21,24,25,43,14
2025-10-29,2572,2,14,22,25,29,13
2025-10-27,2571,3,9,32,35,36,10
2025-10-25,2570,17,18,21,32,37,14
2025-10-22,2569,3,5,14,19,26,6
2025-10-20,2568,9,11,15,23,29,4
2025-10-18,2567,27,31,33,34,41,5
2025-10-15,2566,2,21,25,37,43,9
2025-10-13,2565,11,17,18,20,34,7
2025-10-11,2564,10,13,14,28,38,12
2025-10-08,2563,3,10,30,32,38,8
2025-10-06,2562,2,7,14,27,29,10
2025-10-04,2561,2,13,25,35,42,10
2025-10-01,2560,2,26,32,35,39,11
2025-09-29,2559,3,11,24,34,35,10
2025-09-27,2558,6,13,19,32,38,4
2025-09-24,2557,2,7,10,29,34,4
2025-09-22,2556,6,18,22,23,35,15
2025-09-20,2555,8,11,16,30,40,6
2025-09-17,2554,7,9,10,37,39,4
2025-09-15,2553,6,10,11,12,19,7
2025-09-13,2552,1,6,12,25,40,9
2025-09-10,2551,6,28,40,42,43,12
2025-09-08,2550,10,13,20,31,42,12
2025-09-06,2549,4,8,16,28,40,10
2025-09-03,2548,16,20,26,29,31,12
2025-09-01,2547,1,13,25,33,34,12
2025-08-30,2546,3,4,12,23,42,13
2025-08-27,2545,6,8,20,23,24,9
2025-08-25,2544,6,21,22,26,30,8
2025-08-23,2543,2,9,17,36,39,11
2025-08-20,2542,25,28,32,33,41,16
2025-08-18,2541,2,3,14,15,23,5
2025-08-16,2540,12,13,33,37,38,15
2025-08-13,2539,7,12,22,33,38,5
2025-08-11,2538,2,19,20,32,33,3
2025-08-09,2537,2,8,27,29,37,16
2025-08-06,2536,8,18,21,34,40,13
2025-08-04,2535,4,7,31,33,36,7
2025-08-02,2534,13,22,32,35,42,11
2025-07-30,2533,29,30,34,36,41,15
2025-07-28,2532,10,30,33,34,41,7
2025-07-26,2531,19,25,29,34,43,10
2025-07-23,2530,1,16,19,25,26,16
2025-07-21,2529,21,26,27,34,41,16
2025-07-19,2528,14,17,22,24,27,9
2025-07-16,2527,5,10,13,20,31,13
2025-07-14,2526,8,14,28,35,36,5
2025-07-12,2525,7,10,17,30,43,15
2025-07-09,2524,9,21,25,29,41,10
2025-07-07,2523,2,12,24,41,42,5
2025-07-05,2522,4,17,19,26,36,10
2025-07-02,2521,6,16,21,23,42,13
2025-06-30,2520,2,3,9,36,41,15
2025-06-28,2519,5,15,18,31,35,8
2025-06-25,2518,5,8,20,29,35,11
2025-06-23,2517,3,24,28,34,37,15
2025-06-21,2516,9,17,24,29,43,8
2025-06-18,2515,4,10,15,23,42,9
2025-06-16,2514,2,4,5,16,32,9
2025-06-14,2513,5,7,14,15,19,6
2025-06-11,2512,1,2,5,21,33,7
2025-06-09,2511,2,13,17,21,34,9
2025-06-07,2510,6,9,21,36,42,9
2025-06-04,2509,26,29,33,35,41,5
2025-06-02,2508,2,18,27,31,35,12
2025-05-31,2507,2,8,16,28,31,15
2025-05-28,2506,1,9,10,33,37,15
2025-05-24,2505,1,10,13,38,40,13
2025-05-21,2504,2,3,4,10,34,7
2025-05-17,2503,6,14,34,36,41,12
2025-05-14,2502,3,31,40,41,42,14
2025-05-10,2501,2,5,18,21,28,2
2025-05-07,2500,5,9,17,25,32,2
2025-05-03,2499,10,12,24,32,37,12
2025-04-30,2498,5,12,17,19,22,16
2025-04-26,2497,1,15,20,23,31,10
2025-04-23,2496,4,5,19,28,43,5
2025-04-19,2495,11,26,31,35,43,6
2025-04-16,2494,5,11,18,31,32,9
2025-04-12,2493,3,4,13,38,39,1
2025-04-09,2492,7,8,9,19,26,4
2025-04-05,2491,1,7,22,40,41,3
2025-04-02,2490,18,25,40,41,43,13
2025-03-29,2489,3,9,27,36,37,1
2025-03-26,2488,3,9,21,27,39,3
2025-03-22,2487,8,12,22,26,28,1
2025-03-19,2486,1,18,27,40,43,1
2025-03-15,2485,17,21,25,26,39,15
2025-03-12,2484,9,16,32,33,40,12
2025-03-08,2483,1,17,33,42,43,12
2025-03-05,2482,11,17,18,26,42,13
2025-03-01,2481,3,4,17,21,25,4
2025-02-26,2480,7,28,29,33,43,2
2025-02-22,2479,3,13,19,34,43,12
2025-02-19,2478,14,21,28,30,38,14
2025-02-15,2477,8,15,17,24,42,11
2025-02-12,2476,1,16,30,39,41,15
2025-02-08,2475,2,9,10,39,43,14
2025-02-05,2474,5,11,14,37,38,14
2025-02-01,2473,2,4,5,28,33,12
2025-01-29,2472,12,20,26,34,38,1
2025-01-25,2471,1,16,19,25,31,6
2025-01-22,2470,12,15,28,34,37,1
2025-01-18,2469,14,19,30,38,41,10
2025-01-15,2468,7,16,32,33,43,1
2025-01-11,2467,2,28,31,32,34,6
2025-01-08,2466,18,24,27,37,43,11
2025-01-04,2465,10,13,18,24,26,9
2025-01-01,2464,17,28,33,39,43,6
2024-12-28,2463,1,4,12,14,34,6
2024-12-25,2462,5,8,22,26,38,8
2024-12-21,2461,10,12,16,21,41,13
2024-12-18,2460,4,12,28,36,43,13
2024-12-14,2459,15,22,26,32,39,12
2024-12-11,2458,5,12,13,17,43,16
2024-12-07,2457,9,11,34,36,37,15
2024-12-04,2456,11,14,31,39,41,5
2024-11-30,2455,10,12,22,23,34,13
2024-11-27,2454,5,7,15,20,24,16
2024-11-23,2453,5,13,24,25,36,9
2024-11-20,2452,9,17,22,36,38,16
2024-11-16,2451,8,15,21,35,41,2
2024-11-13,2450,2,3,9,10,15,16
2024-11-09,2449,13,28,29,31,41,4
2024-11-06,2448,3,4,20,30,37,12
2024-11-02,2447,1,9,19,29,39,6
2024-10-30,2446,6,14,15,29,42,14
2024-10-26,2445,1,4,11,21,43,4
2024-10-23,2444,1,4,13,34,43,16
2024-10-19,2443,18,19,26,29,40,1
2024-10-16,2442,10,14,19,24,39,5
2024-10-12,2441,1,9,21,39,41,15
2024-10-09,2440,9,21,36,37,41,9
2024-10-05,2439,5,12,17,37,42,12
2024-10-02,2438,5,16,17,27,36,4
2024-09-28,2437,2,12,15,35,37,9
2024-09-25,2436,1,8,11,33,35,6
2024-09-21,2435,2,16,18,35,42,6
2024-09-18,2434,14,18,22,33,41,13
2024-09-14,2433,31,32,39,41,43,11
2024-09-11,2432,6,12,24,25,28,15
2024-09-07,2431,6,19,23,27,35,10
2024-09-04,2430,12,17,22,36,43,11
2024-08-31,2429,1,8,9,22,34,2
2024-08-28,2428,6,7,11,27,42,15
2024-08-24,2427,1,3,21,30,39,15
2024-08-21,2426,20,21,23,32,42,14
2024-08-17,2425,4,10,15,33,37,1
2024-08-14,2424,3,9,13,21,27,7
2024-08-10,2423,1,12,18,26,39,11
2024-08-07,2422,1,21,36,41,42,16
2024-08-03,2421,5,21,24,34,43,3
2024-07-31,2420,2,24,32,38,42,10
2024-07-27,2419,19,25,32,38,41,13
2024-07-24,2418,6,29,31,36,41,6
2024-07-20,2417,2,3,10,29,43,16
2024-07-17,2416,16,33,36,39,43,6
2024-07-13,2415,6,7,18,25,41,16
2024-07-10,2414,3,11,21,22,36,11
2024-07-06,2413,14,18,26,32,42,1
2024-07-03,2412,9,19,27,32,43,2
2024-06-29,2411,4,5,16,21,32,14
2024-06-26,2410,6,13,20,36,43,9
2024-06-22,2409,4,7,21,25,33,16
2024-06-19,2408,12,17,22,23,39,13
2024-06-15,2407,6,10,18,40,43,16
2024-06-12,2406,4,9,15,20,34,1
2024-06-08,2405,5,16,17,29,38,7
2024-06-05,2404,3,19,24,38,39,5
2024-06-01,2403,16,22,26,27,37,9
2024-05-29,2402,7,8,14,15,19,6
2024-05-25,2401,12,18,39,40,41,3
2024-05-22,2400,5,11,14,21,33,6
2024-05-18,2399,12,19,28,35,42,4
2024-05-15,2398,2,4,10,27,41,2
2024-05-11,2397,4,11,16,21,39,8
2024-05-08,2396,13,16,23,26,30,16
2024-05-04,2395,8,10,28,30,38,10
2024-05-01,2394,20,23,25,31,36,12
2024-04-27,2393,11,13,21,23,24,6
2024-04-24,2392,19,20,26,29,43,9
2024-04-20,2391,2,12,31,32,35,3
2024-04-17,2390,25,26,31,37,38,4
2024-04-13,2389,2,16,31,37,43,5
2024-04-10,2388,3,5,11,12,40,2
2024-04-06,2387,2,24,25,26,30,9
2024-04-03,2386,14,20,29,37,41,14
2024-03-30,2385,7,21,30,35,36,11
2024-03-27,2384,2,3,8,11,32,16
2024-03-23,2383,9,23,29,32,34,7
2024-03-20,2382,17,22,24,35,40,8
2024-03-16,2381,1,12,25,27,32,8
2024-03-13,2380,6,20,24,27,42,16
2024-03-09,2379,10,14,23,25,42,4
2024-03-06,2378,19,25,26,39,41,15
2024-03-02,2377,6,17,26,38,40,3
2024-02-28,2376,4,14,23,34,42,7
2024-02-24,2375,12,22,29,41,42,15
2024-02-21,2374,1,7,11,18,34,11
2024-02-17,2373,18,21,34,38,43,14
2024-02-14,2372,1,8,21,27,35,3
2024-02-10,2371,6,14,31,34,42,7
2024-02-07,2370,2,11,26,28,41,5
2024-02-03,2369,18,20,39,40,43,14
2024-01-31,2368,2,14,20,26,28,12
2024-01-27,2367,14,24,33,35,36,7
2024-01-24,2366,2,20,21,27,38,11
2024-01-20,2365,19,23,32,36,39,11
2024-01-17,2364,4,25,26,27,30,4
2024-01-13,2363,1,3,23,27,39,7
2024-01-10,2362,2,11,16,28,43,3
2024-01-06,2361,22,27,37,40,42,14
2024-01-03,2360,6,20,31,36,41,5
2023-12-30,2359,8,13,21,32,33,8
2023-12-27,2358,3,9,22,26,27,1
2023-12-23,2357,7,11,25,28,30,9
2023-12-20,2356,1,6,7,17,21,13
2023-12-16,2355,4,5,17,18,38,3
2023-12-13,2354,14,25,27,30,42,8
2023-12-09,2353,7,10,12,35,41,4
2023-12-06,2352,16,25,26,35,39,14
2023-12-02,2351,11,14,16,18,19,15
2023-11-29,2350,7,11,25,32,35,1
2023-11-25,2349,9,11,19,28,41,9
2023-11-22,2348,15,18,19,30,42,2
2023-11-18,2347,3,19,26,27,29,6
2023-11-15,2346,5,16,26,28,38,8
2023-11-11,2345,8,11,13,25,32,6
2023-11-08,2344,3,11,18,27,33,9
2023-11-04,2343,1,2,12,30,36,1
2023-11-01,2342,5,9,19,30,37,6
2023-10-28,2341,5,20,33,36,43,10
2023-10-25,2340,15,22,25,28,33,7
2023-10-21,2339,12,18,25,34,43,13
2023-10-18,2338,20,21,26,29,40,9
2023-10-14,2337,4,15,26,27,29,9
2023-10-11,2336,3,5,12,23,36,1
2023-10-07,2335,6,23,25,37,40,15
2023-10-04,2334,6,22,29,30,31,10
2023-09-30,2333,10,15,19,21,41,10
2023-09-27,2332,2,20,25,36,41,11
2023-09-23,2331,13,20,24,30,42,12
2023-09-20,2330,2,3,10,21,23,14
2023-09-16,2329,6,29,32,39,43,16
2023-09-13,2328,7,11,28,38,39,2
2023-09-09,2327,15,18,22,34,42,3
2023-09-06,2326,9,33,34,41,43,7
2023-09-02,2325,1,3,20,29,39,1
2023-08-30,2324,4,8,16,27,31,7
2023-08-26,2323,5,14,22,37,43,13
2023-08-23,2322,4,15,23,24,33,12
2023-08-19,2321,5,10,11,25,33,4
2023-08-16,2320,3,10,20,31,41,6
2023-08-12,2319,19,20,29,31,40,11
2023-08-09,2318,3,12,22,24,25,6
2023-08-05,2317,4,7,19,23,32,2
2023-08-02,2316,5,19,24,25,37,13
2023-07-29,2315,5,9,11,14,24,4
2023-07-26,2314,5,6,17,27,41,13
2023-07-22,2313,14,15,21,40,42,11
2023-07-19,2312,2,13,18,19,32,13
2023-07-15,2311,2,15,27,33,35,16
2023-07-12,2310,10,27,31,35,43,13
2023-07-08,2309,13,15,30,38,41,3
2023-07-05,2308,4,16,17,23,29,3
2023-07-01,2307,14,26,27,35,37,3
2023-06-28,2306,12,16,32,38,43,11
2023-06-24,2305,8,15,23,24,42,14
2023-06-21,2304,9,25,27,31,42,4
2023-06-17,2303,9,11,13,35,43,7
2023-06-14,2302,3,11,14,39,40,1
2023-06-10,2301,9,13,21,38,43,11
2023-06-07,2300,1,9,16,19,31,16
2023-06-03,2299,9,27,30,39,41,10
2023-05-31,2298,2,5,23,40,43,7
2023-05-27,2297,6,10,21,24,33,2
2023-05-24,2296,1,6,27,29,39,8
2023-05-20,2295,3,4,23,35,42,7
2023-05-17,2294,3,5,15,25,29,11
2023-05-13,2293,6,14,33,35,39,14
2023-05-10,2292,13,14,15,25,32,14
2023-05-06,2291,8,26,27,28,42,7
2023-05-03,2290,9,13,22,39,41,16
2023-04-29,2289,7,20,26,33,39,7
2023-04-26,2288,4,10,13,27,43,2
2023-04-22,2287,17,18,32,37,43,6
2023-04-19,2286,15,18,19,32,36,8
2023-04-15,2285,19,21,28,29,30,12
2023-04-12,2284,11,20,24,29,35,2
2023-04-08,2283,3,5,12,19,20,5
2023-04-05,2282,4,5,7,36,37,1
2023-04-01,2281,1,4,11,22,25,6
2023-03-29,2280,21,22,23,31,39,6
2023-03-25,2279,4,17,24,27,40,4
2023-03-22,2278,1,16,21,34,35,14
2023-03-18,2277,2,15,16,30,37,3
2023-03-15,2276,2,4,18,23,39,5
2023-03-11,2275,9,13,15,27,31,15
2023-03-08,2274,24,26,35,36,41,7
2023-03-04,2273,4,5,12,24,33,12
2023-03-01,2272,16,23,36,39,42,11
2023-02-25,2271,12,14,20,32,35,9
2023-02-22,2270,6,8,13,14,22,12
2023-02-18,2269,7,20,25,30,38,4
2023-02-15,2268,7,15,22,25,35,9
2023-02-11,2267,8,11,17,29,42,13
2023-02-08,2266,3,8,12,13,43,7
2023-02-04,2265,1,10,14,32,39,10
2023-02-01,2264,8,12,16,26,39,6
2023-01-28,2263,2,14,15,28,40,5
2023-01-25,2262,5,7,10,22,31,12
2023-01-21,2261,2,7,12,21,37,9
2023-01-18,2260,10,29,30,32,36,4
2023-01-14,2259,2,23,25,33,34,10
2023-01-11,2258,2,17,24,37,42,11
2023-01-07,2257,17,25,32,33,40,3
2023-01-04,2256,12,32,36,37,42,11
2022-12-31,2255,3,11,27,31,32,12
2022-12-28,2254,2,8,17,20,25,7
2022-12-24,2253,7,9,23,37,40,14
2022-12-21,2252,24,27,30,31,39,12
2022-12-17,2251,1,10,12,39,40,14
2022-12-14,2250,2,15,23,33,43,4
2022-12-10,2249,6,9,28,35,41,7
2022-12-07,2248,11,14,28,29,32,3
2022-12-03,2247,14,19,21,32,33,1
2022-11-30,2246,14,16,33,38,41,10
2022-11-26,2245,4,9,30,31,34,16
2022-11-23,2244,5,9,13,22,43,12
2022-11-19,2243,23,26,27,33,37,3
2022-11-16,2242,7,9,17,38,39,9
2022-11-12,2241,10,11,25,27,33,16
2022-11-09,2240,5,14,17,31,34,3
2022-11-05,2239,4,19,22,36,43,10
2022-11-02,2238,20,28,30,31,36,8
2022-10-29,2237,2,10,13,32,42,1
2022-10-26,2236,9,12,16,17,21,14
2022-10-22,2235,2,4,6,9,25,13
2022-10-19,2234,5,8,20,24,37,4
2022-10-15,2233,9,21,24,39,40,12
2022-10-12,2232,12,21,25,37,41,3
2022-10-08,2231,1,3,15,19,29,13
2022-10-05,2230,1,3,8,31,35,16
2022-10-01,2229,3,5,28,37,42,15
2022-09-28,2228,2,4,12,21,33,2
2022-09-24,2227,5,8,19,30,33,1
2022-09-21,2226,2,4,20,21,35,3
2022-09-17,2225,3,25,30,33,34,1
2022-09-14,2224,7,13,19,32,42,7
2022-09-10,2223,3,9,10,19,35,8
2022-09-07,2222,14,15,17,23,39,6
2022-09-03,2221,2,5,23,27,36,12
2022-08-31,2220,15,16,26,34,39,6
2022-08-27,2219,1,13,16,22,25,8
2022-08-24,2218,14,18,21,26,36,7
2022-08-20,2217,12,14,15,20,43,10
2022-08-17,2216,3,8,15,22,33,13
2022-08-13,2215,5,6,18,19,24,9
2022-08-10,2214,1,14,15,22,36,11
2022-08-06,2213,6,13,33,35,41,11
2022-08-03,2212,6,8,13,32,43,15
2022-07-30,2211,4,14,19,25,31,15
2022-07-27,2210,2,20,26,30,43,11
2022-07-23,2209,2,8,11,19,26,6
2022-07-20,2208,3,11,29,39,40,13
2022-07-16,2207,7,9,11,28,34,5
2022-07-13,2206,16,23,31,39,43,9
2022-07-09,2205,1,8,21,29,35,6
2022-07-06,2204,1,8,12,13,42,5
2022-07-02,2203,7,8,11,12,38,5
2022-06-29,2202,9,24,29,30,32,14
2022-06-25,2201,7,9,14,28,39,9
2022-06-22,2200,16,28,30,32,39,11
2022-06-18,2199,1,14,18,19,26,10
2022-06-15,2198,1,7,12,32,43,1
2022-06-11,2197,22,24,28,31,43,4
2022-06-08,2196,5,6,17,22,31,10
2022-06-04,2195,20,24,32,35,37,5
2022-06-01,2194,13,17,25,26,35,4
2022-05-28,2193,6,20,25,29,41,4
2022-05-25,2192,5,10,14,37,40,6
2022-05-21,2191,13,19,21,25,36,12
2022-05-18,2190,15,20,27,38,42,3
2022-05-14,2189,5,7,20,26,33,14
2022-05-11,2188,21,26,27,30,31,2
2022-05-07,2187,4,18,30,41,43,11
2022-05-04,2186,14,27,34,38,40,14
2022-04-30,2185,3,5,10,30,40,8
2022-04-27,2184,4,9,20,25,43,14
2022-04-23,2183,6,16,28,39,40,2
2022-04-20,2182,13,16,35,38,42,3
2022-04-16,2181,1,5,8,17,30,15
2022-04-13,2180,7,9,16,23,28,12
2022-04-09,2179,20,27,31,34,41,9
2022-04-06,2178,11,24,33,42,43,15
2022-04-02,2177,3,7,8,18,38,7
2022-03-30,2176,4,6,16,36,37,14
2022-03-26,2175,19,23,33,34,40,5
2022-03-23,2174,3,9,37,40,42,11
2022-03-19,2173,9,27,36,39,43,8
2022-03-16,2172,1,11,31,33,36,7
2022-03-12,2171,1,4,10,16,25,15
2022-03-09,2170,17,18,19,27,37,14
2022-03-05,2169,1,4,5,29,33,11
2022-03-02,2168,15,20,26,37,40,13
2022-02-26,2167,3,8,25,36,38,10
2022-02-23,2166,7,13,36,38,42,9
2022-02-19,2165,3,22,27,31,32,10
2022-02-16,2164,14,18,24,37,43,15
2022-02-12,2163,1,7,22,28,38,6
2022-02-09,2162,1,6,24,33,43,8
2022-02-05,2161,5,9,27,38,42,1
2022-02-02,2160,3,9,22,23,36,2
2022-01-29,2159,8,18,19,22,32,1
2022-01-26,2158,12,15,28,35,38,1
2022-01-22,2157,1,5,13,27,30,7
2022-01-19,2156,14,17,24,25,41,1
2022-01-15,2155,4,13,20,27,42,1
2022-01-12,2154,1,2,11,34,41,10
2022-01-08,2153,8,11,30,31,38,7
2022-01-05,2152,10,33,36,40,43,16
2022-01-01,2151,17,19,20,21,26,13
2021-12-29,2150,8,24,34,38,42,11
2021-12-25,2149,2,5,16,24,39,15
2021-12-22,2148,5,11,29,30,43,14
2021-12-18,2147,2,18,22,24,28,4
2021-12-15,2146,1,15,20,31,35,15
2021-12-11,2145,2,8,20,35,38,3
2021-12-08,2144,1,4,6,12,22,10
2021-12-04,2143,9,11,22,26,42,15
2021-12-01,2142,13,15,16,24,43,13
2021-11-27,2141,9,13,24,29,38,9
2021-11-24,2140,17,25,29,34,36,12
2021-11-20,2139,12,15,22,26,28,7
2021-11-17,2138,6,7,9,18,35,6
2021-11-13,2137,1,6,16,22,31,16
2021-11-10,2136,18,35,37,39,42,13
2021-11-06,2135,4,5,29,37,42,13
2021-11-03,2134,7,13,17,21,36,1
2021-10-30,2133,17,19,21,24,40,11
2021-10-27,2132,12,14,18,28,40,8
2021-10-23,2131,2,5,7,20,34,14
2021-10-20,2130,11,14,15,22,25,16
2021-10-16,2129,2,8,11,13,22,15
2021-10-13,2128,1,2,11,15,33,12
2021-10-09,2127,5,15,27,34,35,4
2021-10-06,2126,5,20,22,32,35,16
2021-10-02,2125,1,16,24,36,42,11
2021-09-29,2124,20,28,35,37,39,3
2021-09-25,2123,9,17,39,41,43,1
2021-09-22,2122,14,19,40,41,43,2
2021-09-18,2121,2,10,11,18,23,10
2021-09-15,2120,15,20,34,35,38,13
2021-09-11,2119,8,9,25,32,41,1
2021-09-08,2118,8,14,25,31,34,6
2021-09-04,2117,22,30,31,34,41,16
2021-09-01,2116,1,7,9,31,40,13
2021-08-28,2115,8,18,21,30,43,5
2021-08-25,2114,7,18,20,22,34,11
2021-08-21,2113,12,14,18,37,40,2
2021-08-18,2112,8,12,15,31,38,14
2021-08-14,2111,10,14,32,35,42,13
2021-08-11,2110,2,9,24,26,42,5
2021-08-07,2109,14,18,20,39,41,5
2021-08-04,2108,6,10,15,33,42,16
2021-07-31,2107,1,27,28,34,37,11
2021-07-28,2106,6,22,28,32,36,2
2021-07-24,2105,21,22,29,30,38,11
2021-07-21,2104,7,9,15,16,26,11
2021-07-17,2103,14,18,20,32,33,4
2021-07-14,2102,7,8,18,34,42,8
2021-07-10,2101,8,15,30,35,36,3
2021-07-07,2100,5,9,16,29,42,11
2021-07-03,2099,21,22,23,33,41,8
2021-06-30,2098,26,29,39,42,43,4
2021-06-26,2097,6,21,22,34,36,10
2021-06-23,2096,6,19,20,37,38,10
2021-06-19,2095,1,5,8,14,40,8
2021-06-16,2094,7,8,21,30,42,2
2021-06-12,2093,9,15,25,27,33,13
2021-06-09,2092,7,14,20,34,41,4
2021-06-05,2091,1,4,5,16,30,7
2021-06-02,2090,1,15,22,36,37,13
2021-05-29,2089,8,12,18,40,43,4
2021-05-26,2088,3,9,12,34,35,13
2021-05-22,2087,8,29,32,34,42,5
2021-05-19,2086,9,12,16,21,30,1
2021-05-15,2085,3,5,25,30,42,8
2021-05-12,2084,4,23,28,29,31,16
2021-05-08,2083,4,8,9,28,37,11
2021-05-05,2082,2,5,10,23,34,7
2021-05-01,2081,22,23,27,28,30,3
