draw_date,sorteo,n1,n2,n3,n4,n5
2026-10-06,619,4,7,20,22,31
2026-10-05,618,7,16,25,34,36
2026-10-02,617,18,20,22,31,38
2026-10-01,616,15,21,25,30,37
2026-09-29,615,5,10,21,24,31
2026-09-28,614,9,13,14,30,31
2026-09-25,613,8,10,18,31,36
2026-09-24,612,3,14,22,24,37
2026-09-22,611,1,3,8,18,20
2026-09-21,610,13,17,33,34,35
2026-09-18,609,10,15,31,33,39
2026-09-17,608,16,26,32,34,35
2026-09-15,607,1,10,12,23,29
2026-09-14,606,8,14,16,26,38
2026-09-11,605,4,17,27,33,36
2026-09-10,604,6,8,20,28,39
2026-09-08,603,6,13,24,35,39
2026-09-07,602,6,8,20,35,38
2026-09-04,601,4,5,7,24,25
2026-09-03,600,7,13,14,17,30
2026-09-01,599,7,15,20,29,31
2026-08-31,598,5,11,16,18,35
2026-08-28,597,11,13,21,27,36
2026-08-27,596,2,12,18,31,35
2026-08-25,595,4,12,17,24,33
2026-08-24,594,7,14,18,29,31
2026-08-21,593,9,17,30,31,34
2026-08-20,592,15,27,28,31,37
2026-08-18,591,3,10,19,28,34
2026-08-17,590,6,7,11,21,24
2026-08-14,589,3,7,10,19,21
2026-08-13,588,13,18,22,24,34
2026-08-11,587,6,10,13,17,33
2026-08-10,586,2,8,14,19,29
2026-08-07,585,4,18,24,25,34
2026-08-06,584,1,2,31,37,38
2026-08-04,583,3,14,28,30,33
2026-08-03,582,4,10,18,21,31
2026-07-31,581,11,13,15,25,28
2026-07-30,580,17,19,21,28,33
2026-07-28,579,1,27,28,33,35
2026-07-27,578,1,15,22,27,38
2026-07-24,577,16,17,19,29,32
2026-07-23,,7,11,12,30,39
2026-07-21,575,6,16,21,30,32
2026-07-20,574,8,9,13,18,34
2026-07-17,573,8,22,25,26,32
2026-07-16,572,4,17,18,36,37
2026-07-14,571,8,13,22,23,31
2026-07-13,570,13,18,25,32,33
2026-07-10,569,16,18,32,34,36
2026-07-09,568,4,13,26,34,39
2026-07-07,567,1,13,21,29,33
2026-07-06,566,2,17,26,28,30
2026-07-03,565,17,21,27,32,35
2026-07-02,564,10,12,16,19,32
2026-06-30,563,3,12,29,32,39
2026-06-29,562,2,4,20,32,37
2026-06-26,561,21,29,32,36,38
2026-06-25,560,3,15,25,30,35
2026-06-23,559,3,5,7,34,38
2026-06-22,558,4,12,22,30,31
2026-06-19,557,2,22,35,36,37
2026-06-18,556,6,7,11,14,21
2026-06-16,555,6,16,27,30,34
2026-06-15,554,11,16,28,33,38
2026-06-12,553,1,15,18,22,29
2026-06-11,552,19,23,26,27,36
2026-06-09,551,6,10,14,17,27
2026-06-08,550,9,13,18,29,32
2026-06-05,549,2,14,22,36,38
2026-06-04,548,3,7,12,17,36
2026-06-02,547,4,5,8,31,35
2026-06-01,546,4,8,23,26,30
2026-05-29,545,3,12,15,23,28
2026-05-28,544,5,8,15,37,38
2026-05-26,543,5,7,12,24,25
2026-05-25,542,2,8,23,28,34
2026-05-22,541,1,18,19,22,35
2026-05-21,540,3,5,31,32,38
2026-05-19,539,8,14,19,21,38
2026-05-18,538,5,9,12,31,34
2026-05-15,537,9,21,23,34,35
2026-05-14,536,11,20,25,28,29
2026-05-12,535,1,6,8,27,35
2026-05-11,534,3,7,8,35,38
2026-05-08,533,1,2,13,28,31
2026-05-07,532,25,29,34,37,39
2026-05-05,531,4,24,33,35,37
2026-05-04,530,5,10,20,25,27
2026-05-01,529,3,13,15,33,37
2026-04-30,528,13,20,32,35,36
2026-04-28,527,8,16,26,37,38
2026-04-27,526,6,15,17,25,38
2026-04-24,525,20,25,28,32,35
2026-04-23,524,3,4,8,10,30
2026-04-21,523,3,4,21,23,29
2026-04-20,522,4,12,27,30,35
2026-04-17,521,5,23,25,33,37
2026-04-16,520,11,22,35,37,39
2026-04-14,519,15,16,17,22,26
2026-04-13,518,9,10,12,21,27
2026-04-10,517,3,5,15,23,27
2026-04-09,516,2,10,11,13,31
2026-04-07,515,4,12,13,19,33
2026-04-06,514,10,15,16,27,29
2026-04-03,513,8,16,18,26,38
2026-04-02,512,11,12,22,23,37
2026-03-31,511,26,27,29,34,37
2026-03-30,510,5,8,25,29,32
2026-03-27,509,14,21,22,25,36
2026-03-26,508,1,5,10,13,35
2026-03-24,507,6,9,11,32,36
2026-03-23,506,1,15,30,37,38
2026-03-20,505,10,17,19,31,33
2026-03-19,504,7,15,21,33,34
2026-03-17,503,4,6,14,26,35
2026-03-16,502,2,3,5,7,31
2026-03-13,501,7,20,23,24,27
2026-03-12,500,3,11,14,24,26
2026-03-10,499,4,7,16,20,22
2026-03-09,498,3,13,19,21,23
2026-03-06,497,5,12,14,29,30
2026-03-05,496,11,14,26,30,37
2026-03-03,495,6,22,27,30,38
2026-03-02,494,11,17,18,31,34
2026-02-27,493,9,10,11,24,27
2026-02-26,492,6,10,16,17,37
2026-02-24,491,11,17,19,26,36
2026-02-23,490,1,12,24,25,27
2026-02-20,489,8,22,26,30,32
2026-02-19,488,5,12,22,28,29
2026-02-17,487,2,5,16,20,34
2026-02-16,486,4,13,15,25,37
2026-02-13,485,7,15,16,26,35
2026-02-12,484,2,9,10,15,33
2026-02-10,483,11,22,23,35,38
2026-02-09,482,3,5,15,28,31
2026-02-06,481,4,5,6,17,36
2026-02-05,480,5,9,10,22,25
2026-02-03,479,8,9,17,22,24
2026-02-02,478,9,10,18,26,29
2026-01-30,477,3,4,17,27,33
2026-01-29,476,19,20,24,32,33
2026-01-27,475,4,17,22,28,30
2026-01-26,474,3,6,13,16,34
2026-01-23,473,1,6,32,33,35
2026-01-22,472,1,6,9,16,39
2026-01-20,471,1,9,13,17,20
2026-01-19,470,3,12,31,37,39
2026-01-16,469,2,6,8,25,39
2026-01-15,468,3,11,16,19,22
2026-01-13,467,10,19,27,33,35
2026-01-12,466,20,25,26,33,35
2026-01-09,465,11,19,22,29,35
2026-01-08,464,13,16,25,36,37
2026-01-06,463,1,2,3,6,13
2026-01-05,462,9,16,21,35,37
2026-01-02,461,8,20,31,35,37
2026-01-01,460,15,21,24,27,30
2025-12-30,459,11,13,25,29,36
2025-12-29,458,8,12,24,30,34
2025-12-26,457,5,24,26,30,34
2025-12-25,456,3,7,23,35,36
2025-12-23,455,5,10,11,28,39
2025-12-22,454,8,19,25,28,31
2025-12-19,453,10,15,20,22,27
2025-12-18,452,2,13,19,21,22
2025-12-16,451,5,8,10,16,38
2025-12-15,450,4,18,28,29,35
2025-12-12,449,1,5,23,36,38
2025-12-11,448,6,22,25,33,38
2025-12-09,447,8,14,21,24,29
2025-12-08,446,5,10,19,20,39
2025-12-05,445,5,18,20,24,27
2025-12-04,444,3,5,23,25,34
2025-12-02,443,1,2,3,15,34
2025-12-01,442,10,18,27,29,32
2025-11-28,441,6,7,8,12,28
2025-11-27,440,2,11,13,19,28
2025-11-25,439,9,14,20,36,39
2025-11-24,438,1,12,19,20,34
2025-11-21,437,7,13,17,26,29
2025-11-20,436,1,15,19,22,28
2025-11-18,435,4,16,20,26,29
2025-11-17,434,5,8,23,32,38
2025-11-14,433,2,10,26,29,37
2025-11-13,432,18,22,33,36,37
2025-11-11,431,2,3,8,19,34
2025-11-10,430,7,17,26,27,33
2025-11-07,429,1,3,19,32,38
2025-11-06,428,19,21,23,29,32
2025-11-04,427,5,7,17,34,39
2025-11-03,426,5,6,10,11,36
2025-10-31,425,2,4,11,28,37
2025-10-30,424,12,13,29,30,37
2025-10-28,423,10,13,25,26,30
2025-10-27,422,18,21,32,34,37
2025-10-24,421,7,20,30,34,39
2025-10-23,420,7,15,16,26,29
2025-10-21,419,14,15,20,22,36
2025-10-20,418,6,12,18,20,25
2025-10-17,417,1,15,17,20,38
2025-10-16,416,2,7,13,17,22
2025-10-14,415,3,8,14,21,30
2025-10-13,414,1,2,7,19,33
2025-10-10,413,4,6,7,11,18
2025-10-09,412,1,9,13,31,37
2025-10-07,411,1,8,11,33,39
2025-10-06,410,10,11,16,29,38
2025-10-03,409,5,6,16,26,30
2025-10-02,408,6,7,14,30,31
2025-09-30,407,18,27,31,36,38
2025-09-29,406,9,10,11,27,34
2025-09-26,405,7,11,20,21,35
2025-09-25,404,9,15,17,21,30
2025-09-23,403,1,6,15,18,23
2025-09-22,402,5,10,15,34,35
2025-09-19,401,12,22,23,26,28
2025-09-18,400,15,20,21,36,38
2025-09-16,399,21,26,31,32,39
2025-09-15,398,4,10,15,23,37
2025-09-12,397,2,6,9,20,29
2025-09-11,396,11,20,31,35,38
2025-09-09,395,17,26,28,35,37
2025-09-08,394,5,13,26,31,34
2025-09-05,393,1,9,22,34,37
2025-09-04,392,4,18,19,29,39
2025-09-02,391,3,19,33,34,35
2025-09-01,390,5,14,22,35,38
2025-08-29,389,1,4,9,12,18
2025-08-28,388,7,16,18,35,36
2025-08-26,387,2,6,9,24,30
2025-08-25,386,4,17,24,29,31
2025-08-22,385,3,4,8,10,31
2025-08-21,384,9,28,33,34,39
2025-08-19,383,4,13,23,32,37
2025-08-18,382,10,11,21,29,35
2025-08-15,381,2,31,33,37,39
2025-08-14,380,8,13,16,25,35
2025-08-12,379,3,8,9,18,36
2025-08-11,378,5,11,13,27,32
2025-08-08,377,3,17,18,19,20
2025-08-07,376,3,5,8,26,30
2025-08-05,375,8,18,19,22,28
2025-08-04,374,2,9,21,22,33
2025-08-01,373,11,12,24,29,37
2025-07-31,372,3,5,18,29,35
2025-07-29,371,3,8,13,24,26
2025-07-28,370,9,25,28,30,33
2025-07-25,369,13,17,23,25,32
2025-07-24,368,9,10,17,30,37
2025-07-22,367,3,6,8,19,27
2025-07-21,366,5,8,10,11,36
2025-07-18,365,3,15,28,31,32
2025-07-17,364,7,15,17,25,28
2025-07-15,363,5,7,21,35,36
2025-07-14,362,3,11,29,30,38
2025-07-11,361,11,13,16,17,38
2025-07-10,360,9,15,20,23,26
2025-07-08,359,13,14,18,26,35
2025-07-07,358,3,19,22,25,28
2025-07-04,357,1,16,20,29,33
2025-07-03,356,1,2,3,20,22
2025-07-01,355,3,12,15,16,20
2025-06-30,354,10,11,13,29,36
2025-06-27,353,15,17,28,30,38
2025-06-26,352,3,22,25,26,33
2025-06-24,351,10,15,28,29,37
2025-06-23,350,3,9,27,34,39
2025-06-20,349,14,16,19,22,23
2025-06-19,348,8,15,16,26,32
2025-06-17,347,3,8,13,14,30
2025-06-16,346,2,8,24,37,38
2025-06-13,345,14,22,25,33,39
2025-06-12,344,5,14,20,24,37
2025-06-10,343,3,11,12,31,38
2025-06-09,342,5,13,21,23,35
2025-06-06,341,3,17,19,33,35
2025-06-05,340,3,11,13,30,37
2025-06-03,339,13,19,20,24,27
2025-06-02,338,8,11,31,33,35
2025-05-30,337,1,2,9,16,37
2025-05-29,336,6,15,23,27,31
2025-05-27,335,1,4,7,22,39
2025-05-26,334,1,2,7,22,33
2025-05-23,333,11,23,26,27,36
2025-05-22,332,12,27,32,37,39
2025-05-20,331,3,4,10,12,27
2025-05-19,330,9,10,17,23,25
2025-05-16,329,1,8,10,16,34
2025-05-15,328,8,14,25,26,34
2025-05-13,327,2,5,12,19,23
2025-05-12,326,10,20,26,28,37
2025-05-09,325,2,4,9,21,39
2025-05-08,324,2,6,20,27,31
2025-05-06,323,1,4,6,21,23
2025-05-05,322,1,8,22,37,38
2025-05-02,321,5,15,17,21,25
2025-05-01,320,4,13,14,21,31
2025-04-29,319,13,23,26,30,36
2025-04-28,318,4,16,27,29,32
2025-04-25,317,2,5,13,17,26
2025-04-24,316,12,21,22,37,39
2025-04-22,315,10,20,28,29,38
2025-04-21,314,2,18,28,33,38
2025-04-18,313,7,8,10,29,31
2025-04-17,312,6,8,13,15,26
2025-04-15,311,14,23,36,37,38
2025-04-14,310,5,18,35,37,38
2025-04-11,309,4,10,18,24,35
2025-04-10,308,6,9,14,16,32
2025-04-08,307,4,12,15,34,37
2025-04-07,306,7,10,19,24,31
2025-04-04,305,2,3,23,28,29
2025-04-03,304,4,12,16,33,37
2025-04-01,303,14,23,25,32,35
2025-03-31,302,14,15,18,27,31
2025-03-28,301,4,11,26,36,39
2025-03-27,300,2,3,24,36,39
2025-03-25,299,3,11,15,16,21
2025-03-24,298,6,17,19,24,36
2025-03-21,297,11,17,25,34,39
2025-03-20,296,8,15,21,30,37
2025-03-18,295,14,16,17,28,38
2025-03-17,294,4,13,29,30,31
2025-03-14,293,7,17,30,31,32
2025-03-13,292,6,12,16,18,38
2025-03-11,291,7,13,14,31,38
2025-03-10,290,1,15,33,36,38
2025-03-07,289,5,11,15,29,39
2025-03-06,288,6,7,10,23,39
2025-03-04,287,3,14,21,24,32
2025-03-03,286,13,16,23,37,39
2025-02-28,285,7,9,14,19,28
2025-02-27,284,3,10,12,19,24
2025-02-25,283,3,7,34,35,38
2025-02-24,282,2,8,12,31,39
2025-02-21,281,10,11,28,33,38
2025-02-20,280,17,25,27,31,36
2025-02-18,279,1,4,19,29,36
2025-02-17,278,9,28,30,35,38
2025-02-14,277,10,11,16,24,39
2025-02-13,276,9,10,24,28,30
2025-02-11,275,15,18,26,29,31
2025-02-10,274,13,19,21,26,36
2025-02-07,273,2,14,19,33,37
2025-02-06,272,3,14,18,19,35
2025-02-04,271,4,28,31,37,38
2025-02-03,270,10,13,19,26,33
2025-01-31,269,7,10,12,24,30
2025-01-30,268,3,6,11,13,35
2025-01-28,267,16,18,25,33,34
2025-01-27,266,20,21,25,32,39
2025-01-24,265,4,6,8,22,25
2025-01-23,264,1,6,19,20,35
2025-01-21,263,20,27,33,34,39
2025-01-20,262,1,11,24,26,39
2025-01-17,261,8,13,23,25,36
2025-01-16,260,3,23,24,26,32
2025-01-14,259,3,5,6,7,37
2025-01-13,258,1,3,14,26,28
2025-01-10,257,4,10,14,16,37
2025-01-09,256,11,24,28,33,39
2025-01-07,255,2,7,9,16,34
2025-01-06,254,7,10,11,24,28
2025-01-03,253,4,6,10,21,24
2025-01-02,252,3,8,20,23,26
2024-12-31,251,1,4,5,17,36
2024-12-30,250,4,13,17,24,25
2024-12-27,249,9,23,24,33,35
2024-12-26,248,1,11,16,26,32
2024-12-24,247,11,14,22,28,35
2024-12-23,246,2,8,10,17,18
2024-12-20,245,6,8,21,29,31
2024-12-19,244,1,4,11,22,39
2024-12-17,243,2,3,15,18,33
2024-12-16,242,5,20,26,38,39
2024-12-13,241,2,7,24,29,39
2024-12-12,240,5,13,20,29,36
2024-12-10,239,2,17,27,35,38
2024-12-09,238,2,3,14,27,34
2024-12-06,237,7,10,15,23,35
2024-12-05,236,6,13,17,32,33
2024-12-03,235,18,21,27,34,38
2024-12-02,234,21,25,26,27,35
2024-11-29,233,12,19,22,28,38
2024-11-28,232,7,20,26,27,38
2024-11-26,231,6,13,16,30,37
2024-11-25,230,20,21,24,35,36
2024-11-22,229,8,10,20,24,33
2024-11-21,228,1,2,12,26,33
2024-11-19,227,1,11,23,27,34
2024-11-18,226,13,23,28,32,39
2024-11-15,225,2,4,6,12,22
2024-11-14,224,6,8,12,23,31
2024-11-12,223,6,10,12,26,32
2024-11-11,222,7,17,30,35,37
2024-11-08,221,10,20,22,34,36
2024-11-07,220,10,22,23,29,37
2024-11-05,219,1,5,14,28,29
2024-11-04,218,3,8,12,26,34
2024-11-01,217,1,4,7,14,23
2024-10-31,216,2,5,13,16,23
2024-10-29,215,8,10,19,25,32
2024-10-28,214,1,2,9,25,37
2024-10-25,213,10,13,18,27,31
2024-10-24,212,1,6,13,26,28
2024-10-22,211,1,13,19,33,36
2024-10-21,210,7,18,21,38,39
2024-10-18,209,12,28,32,33,36
2024-10-17,208,5,11,12,15,21
2024-10-15,207,16,18,22,33,39
2024-10-14,206,3,23,27,34,37
2024-10-11,205,4,18,23,34,35
2024-10-10,204,1,3,6,18,38
2024-10-08,203,2,4,10,20,29
2024-10-07,202,20,25,32,34,36
2024-10-04,201,8,18,20,23,32
2024-10-03,200,2,3,6,18,30
2024-10-01,199,10,19,29,34,38
2024-09-30,198,8,21,22,36,39
2024-09-27,197,3,6,10,18,33
2024-09-26,196,5,21,28,35,36
2024-09-24,195,14,16,18,21,39
2024-09-23,194,8,15,16,18,23
2024-09-20,193,12,15,24,29,34
2024-09-19,192,1,3,12,19,23
2024-09-17,191,1,3,15,18,39
2024-09-16,190,1,14,17,22,34
2024-09-13,189,11,17,23,27,35
2024-09-12,188,13,15,24,33,36
2024-09-10,187,3,5,17,24,26
2024-09-09,186,2,18,24,26,30
2024-09-06,185,19,23,24,33,34
2024-09-05,184,1,7,14,21,35
2024-09-03,183,24,25,34,37,39
2024-09-02,182,1,5,13,16,36
2024-08-30,181,4,5,9,18,19
2024-08-29,180,5,17,25,30,36
2024-08-27,179,1,17,18,35,37
2024-08-26,178,3,12,21,25,39
2024-08-23,177,6,12,16,24,29
2024-08-22,176,12,14,25,37,38
2024-08-20,175,2,12,19,28,35
2024-08-19,174,6,7,9,13,35
2024-08-16,173,5,12,18,30,36
2024-08-15,172,3,7,13,28,32
2024-08-13,171,10,20,22,28,31
2024-08-12,170,17,22,24,31,37
2024-08-09,169,4,20,30,34,35
2024-08-08,168,6,19,25,27,37
2024-08-06,167,8,23,29,30,34
2024-08-05,166,7,16,28,35,39
2024-08-02,165,13,15,22,26,29
2024-08-01,164,2,5,16,22,34
2024-07-30,163,7,8,10,14,37
2024-07-29,162,8,10,13,15,37
2024-07-26,161,10,16,24,35,39
2024-07-25,160,13,15,17,25,27
2024-07-23,159,1,3,18,19,26
2024-07-22,158,1,19,27,33,37
2024-07-19,157,5,10,14,28,35
2024-07-18,156,3,16,19,32,33
2024-07-16,155,2,10,14,29,39
2024-07-15,154,6,11,16,17,24
2024-07-12,153,13,23,27,33,37
2024-07-11,152,4,8,10,19,31
2024-07-09,151,4,6,17,31,32
2024-07-08,150,1,16,22,34,38
2024-07-05,149,8,16,24,26,32
2024-07-04,148,6,8,12,14,38
2024-07-02,147,13,30,36,37,38
2024-07-01,146,4,7,27,31,34
2024-06-28,145,1,8,24,36,39
2024-06-27,144,1,17,26,30,35
2024-06-25,143,4,18,24,27,34
2024-06-24,142,9,16,21,27,34
2024-06-21,141,12,13,20,22,36
2024-06-20,140,5,14,19,25,30
2024-06-18,139,4,17,23,29,38
2024-06-17,138,15,20,24,34,36
2024-06-14,137,2,9,22,33,38
2024-06-13,136,17,19,23,26,32
2024-06-11,135,6,9,12,26,39
2024-06-10,134,11,14,22,24,34
2024-06-07,133,2,6,9,22,39
2024-06-06,132,12,14,31,34,35
2024-06-04,131,6,12,13,30,39
2024-06-03,130,5,11,12,25,26
2024-05-31,129,1,18,21,31,35
2024-05-30,128,13,15,23,25,37
2024-05-28,127,16,18,25,28,39
2024-05-27,126,6,8,16,17,33
2024-05-24,125,7,15,21,28,34
2024-05-23,124,2,6,19,25,27
2024-05-21,123,1,15,16,20,25
2024-05-20,122,3,9,19,30,35
2024-05-17,121,28,29,32,34,35
2024-05-16,120,23,32,33,35,36
2024-05-14,119,1,17,19,25,38
2024-05-13,118,2,20,28,32,37
2024-05-10,117,4,24,33,37,39
2024-05-09,116,3,18,21,24,27
2024-05-07,115,2,15,16,24,30
2024-05-06,114,1,2,8,32,36
2024-05-03,113,9,13,14,18,21
2024-05-02,112,5,13,21,22,39
2024-04-30,111,1,15,22,27,38
2024-04-29,110,14,18,25,30,38
2024-04-26,109,7,21,23,24,27
2024-04-25,108,2,20,21,25,26
2024-04-23,107,3,13,18,34,35
2024-04-22,106,5,9,23,31,37
2024-04-19,105,3,20,21,26,30
2024-04-18,104,4,6,8,17,30
2024-04-16,103,6,18,21,27,37
2024-04-15,102,6,10,11,31,39
2024-04-12,101,13,31,33,34,35
2024-04-11,100,20,25,28,29,34
2024-04-09,99,9,10,12,24,34
2024-04-08,98,2,11,15,17,31
2024-04-05,97,15,16,19,22,37
2024-04-04,96,4,7,14,21,36
2024-04-02,95,2,8,10,14,17
2024-04-01,94,2,9,14,15,26
2024-03-29,93,7,12,17,18,34
2024-03-28,92,1,14,31,37,38
2024-03-26,91,3,13,30,35,38
2024-03-25,90,6,7,10,32,39
2024-03-22,89,6,10,29,32,36
2024-03-21,88,4,6,8,12,26
2024-03-19,87,3,26,30,33,39
2024-03-18,86,21,25,26,31,33
2024-03-15,85,2,11,24,25,30
2024-03-14,84,3,5,19,21,27
2024-03-12,83,15,18,25,30,33
2024-03-11,82,1,7,12,20,34
2024-03-08,81,5,7,21,29,38
2024-03-07,80,3,8,23,26,29
2024-03-05,79,1,4,9,29,35
2024-03-04,78,3,15,35,36,37
2024-03-01,77,3,10,12,17,24
2024-02-29,76,3,9,17,27,30
2024-02-27,75,5,11,27,34,38
2024-02-26,74,5,7,21,26,39
2024-02-23,73,1,16,18,21,26
2024-02-22,72,14,17,18,36,37
2024-02-20,71,2,17,25,32,33
2024-02-19,70,8,16,28,29,38
2024-02-16,69,12,15,28,33,34
2024-02-15,68,6,8,14,26,35
2024-02-13,67,3,5,7,15,37
2024-02-12,66,5,10,13,25,30
2024-02-09,65,5,23,33,36,37
2024-02-08,64,5,9,20,22,32
2024-02-06,63,1,2,12,19,38
2024-02-05,62,4,18,26,31,39
2024-02-02,61,4,27,37,38,39
2024-02-01,60,7,9,15,25,39
2024-01-30,59,28,32,35,36,38
2024-01-29,58,10,17,26,32,34
2024-01-26,57,2,14,21,34,38
2024-01-25,56,7,15,21,23,24
2024-01-23,55,16,17,35,38,39
2024-01-22,54,2,19,24,29,35
2024-01-19,53,4,9,13,14,27
2024-01-18,52,2,3,5,12,36
2024-01-16,51,5,11,12,15,32
2024-01-15,50,18,19,24,33,37
2024-01-12,49,4,18,21,25,32
2024-01-11,48,3,8,23,26,35
2024-01-09,47,3,15,17,20,23
2024-01-08,46,3,8,13,28,30
2024-01-05,45,5,9,22,24,31
2024-01-04,44,8,14,15,21,33
2024-01-02,43,2,6,13,17,37
2024-01-01,42,15,17,21,26,34
2023-12-29,41,19,24,25,27,31
2023-12-28,40,1,2,3,6,26
2023-12-26,39,3,5,17,25,29
2023-12-25,38,3,7,8,24,28
2023-12-22,37,8,17,25,29,30
2023-12-21,36,9,10,13,15,34
2023-12-19,35,7,14,20,21,37
2023-12-18,34,2,6,19,26,34
2023-12-15,33,9,13,18,23,25
2023-12-14,32,4,10,17,29,38
2023-12-12,31,7,9,13,24,30
2023-12-11,30,7,8,21,22,34
2023-12-08,29,21,23,29,31,34
2023-12-07,28,7,17,19,33,34
2023-12-05,27,3,6,14,17,20
2023-12-04,26,9,11,25,31,36
2023-12-01,25,2,3,10,16,28
2023-11-30,24,6,12,15,27,39
2023-11-28,23,3,14,23,28,29
2023-11-27,22,8,23,27,29,35
2023-11-24,21,8,10,18,38,39
2023-11-23,20,13,23,27,33,37
2023-11-21,19,5,19,23,31,38
2023-11-20,18,1,4,6,7,37
2023-11-17,17,8,18,31,33,34
2023-11-16,16,6,7,11,23,36
2023-11-14,15,1,3,17,20,38
2023-11-13,14,9,11,12,32,38
2023-11-10,13,3,6,14,19,38
2023-11-09,12,11,20,27,33,37
2023-11-07,11,13,16,21,25,34
2023-11-06,10,7,12,21,28,37
2023-11-03,9,8,22,25,35,36
2023-11-02,8,1,4,15,22,30
2023-10-31,7,1,11,12,19,30
2023-10-30,6,1,3,8,11,26
2023-10-27,5,7,12,21,30,32
2023-10-26,4,4,9,21,30,35
2023-10-24,3,5,9,19,28,34
2023-10-23,2,10,11,16,26,28
2023-10-20,1,10,11,18,32,38
